id,text
1,"In a world of data and code ğŸŒğŸ’»"
2,"Where information doth explode ğŸ’¥ğŸ’¾"
3,"A database emerged quite new ğŸ†•ğŸ¦†"
4,"DuckDB, the feathered friend we knew ğŸ¤ğŸ¤"
5," "
6,"With speed and efficiency ğŸ’¨ğŸ’ª"
7,"DuckDB solves queries with agility ğŸƒâ€â™‚ï¸ğŸ”"
8,"A feather-light database to deploy ğŸ•Šï¸ğŸ’»"
9,"For analytics to enjoy ğŸ“ˆğŸ¤©"
10," "
11,"Structured, unstructured, and beyond ğŸ“ŠğŸ“‰"
12,"DuckDB stores it all in a bond ğŸ”—"
13,"SQL-compliant, it plays well ğŸ‘"
14,"With other databases, we can tell ğŸ¤ğŸ’»"
15," "
16,"A mallard in the world of tech ğŸ¦†ğŸ’»"
17,"DuckDB swims without a peck ğŸŠâ€â™‚ï¸âŒ"
18,"In lakes of data it does wade ğŸŒŠğŸ’¾"
19,"A quack above the rest is made ğŸ—£ï¸ğŸ‘‘"
20," "
21,"So if you seek a database true ğŸ¤”ğŸ”"
22,"With power, speed, and charm anew ğŸ’ªğŸ’¨ğŸ¤©"
23,"Look no further than the duck ğŸ¦†"
24,"DuckDB, a name you'll love to pluck ğŸ¤—ğŸ¤"
25," "
26,"âœï¸  Poem by ChatGPT (Mar 14 Version.) ğŸ’»ğŸ¤–ğŸ“š"
27,"â„¹ï¸  https://help.openai.com/en/articles/6825453-chatgpt-release-notes"
